"conc","Cq","template","primer"
7.8561244442423,11.9689828985101,"host","host CTP Sythetase"
7.55509444857832,12.9943019465384,"host","host CTP Sythetase"
7.25406445291434,13.6087768015554,"host","host CTP Sythetase"
6.95303445725036,14.9823827589947,"host","host CTP Sythetase"
6.65200446158638,16.0722489338105,"host","host CTP Sythetase"
6.35097446592239,17.3048219603565,"host","host CTP Sythetase"
6.04994447025841,18.3232725490859,"host","host CTP Sythetase"
5.74891447459443,19.4573808395172,"host","host CTP Sythetase"
5.44788447893045,20.2331343135018,"host","host CTP Sythetase"
5.14685448326647,21.0543044247258,"host","host CTP Sythetase"
7.8561244442423,11.0932195349012,"host","host GroEL"
7.55509444857832,12.093378395764,"host","host GroEL"
7.25406445291434,13.393593784481,"host","host GroEL"
6.95303445725036,14.4696654818458,"host","host GroEL"
6.65200446158638,15.5244431848777,"host","host GroEL"
6.35097446592239,16.7052780414743,"host","host GroEL"
6.04994447025841,17.5506640019175,"host","host GroEL"
5.74891447459443,19.2217658223623,"host","host GroEL"
5.44788447893045,19.5815079011515,"host","host GroEL"
5.14685448326647,20.393547083418,"host","host GroEL"
7.82865989653532,11.956397503918,"phage","phage Major Capsid"
7.52762990087134,12.8093450545316,"phage","phage Major Capsid"
7.22659990520736,13.7509515224536,"phage","phage Major Capsid"
6.92556990954338,14.9198934025765,"phage","phage Major Capsid"
6.62453991387939,16.0987419354408,"phage","phage Major Capsid"
6.32350991821541,17.0064402715397,"phage","phage Major Capsid"
6.02247992255143,18.0628738686938,"phage","phage Major Capsid"
5.72144992688745,19.1626115930809,"phage","phage Major Capsid"
5.42041993122347,20.188039534816,"phage","phage Major Capsid"
5.11938993555949,21.3116948882388,"phage","phage Major Capsid"
7.82865989653532,11.7942743753901,"phage","phage GroEL"
7.52762990087134,12.8819894780982,"phage","phage GroEL"
7.22659990520736,13.6590280510418,"phage","phage GroEL"
6.92556990954338,14.7259719107121,"phage","phage GroEL"
6.62453991387939,16.205935685399,"phage","phage GroEL"
6.32350991821541,16.9724032467294,"phage","phage GroEL"
6.02247992255143,17.9488457280014,"phage","phage GroEL"
5.72144992688745,18.8933494791177,"phage","phage GroEL"
5.42041993122347,20.1012980034063,"phage","phage GroEL"
5.11938993555949,21.1464562435558,"phage","phage GroEL"
